,별점,작성일,리뷰 내용
0,별표 5개 만점에 5개를 받았습니다.,2024년 4월 1일,워치 멤버쉽 결제해서 잘 사용하고 있습니다. 근데 지금까지 핸드폰은 집에 두고 워치만 차고 운동하고 들어오면 폰에도 자동으로 동기화가 바로 되었었는데요. 어제(4월1일) 운동한건 동기화가 안됐어요. 폰이랑 워치 껏다 켜보기도 하고 어플 재로그인도 해봤는데 동기화가 안되네요. 어떻게 해야할까요? 워치에는 스탭프가 찍혀있는데 폰에는 운동기록이 없는상황입니다. ------------- 방금 어플 삭제하고 재 다운 받았더니 폰에서도 스탬프가 보이네요.
1,별표 5개 만점에 5개를 받았습니다.,2024년 2월 22일,10키로 마라톤참가로 깔게되었는데 처음부터 차근차근 훈련할수있게 되었어서 잘이용하고있어요! 어느덧 7키로까지 뛸수있게 되었어요! 10키로 완주까지 열심히 해볼게요 아 런데이를 켜지않고 운동한 기록도 입력할수있었으면 좋겠어요 예를 들어 런닝머신으로 7키로를 뛰었을때.기록 변화를 알고싶은데 입력이안되더라구요
2,별표 5개 만점에 4개를 받았습니다.,2024년 3월 27일,걸을 때 잘 사용하고 있습니다. 그런데 신체정보 재작성할 때 문제가 생깁니다. 몸무게 수정 후 앱종료하고 다시 앱을 키면 수정한 몸무게가 아닌 이전 몸무게로 다시 돌아가있습니다. 몇주간 계속 그랬네요 버그같은데 확인해주시면 감사하겠습니다
3,별표 5개 만점에 1개를 받았습니다.,2024년 2월 23일,"2/23에 사용하려보니 업데이트 후 자동로그인이 해제되어있어 로그인을 시도함 비번찾기를 통해 로그인용 메일로 수차례 비밀번호 재설정용 메일 발송을 시도함 ""받은메일"" 및 ""스팸메일"" 어딜 들어가도 해당 메일을 받을 수 없음 결국 지금까지 잘 사용하던걸, 업데이트 2MB 때문에 자동 로그아웃 되게 해두고, 비밀번호 설정용 메일도 제대로 받지 못하게 됨 1년 넘게 사용했고, 기록도 많이 남겨놨으나 이렇게 허무하게 계정 잃게 될줄은 몰랐음, 그냥 삼성헬스로 넘어가기로 함"
4,별표 5개 만점에 3개를 받았습니다.,2024년 3월 22일,쓸때는 좋은데 잠시 안하면 업데이트하면서 재로그인 진행시키면서 이전 기록찾기 개빡셈 난 결국 이전 기록 못찾음 차라리 전에 뭐로 로그인했는지 알려주던가 업데이트해도 로그아웃 안되게 해주던가해야지 그게 안되면 업데이트라도 할때 확실히해서 빈도라도 줄이던가 해야할듯 진짜 개빡치네 친구등록해놓은 것도 다사라지고 기록도 다사라지고 후
5,별표 5개 만점에 2개를 받았습니다.,2024년 2월 26일,"최근 업데이트 이후 운동기록 확인이 자꾸 안됩니다ㅠㅠ 기기재부팅을 해도, 삭제 후 재설치를 해도 계속 런데이 어플이 응답하지않는단 멘트 뿐. 운동기록을 확인하고 사진과함께 기록을 남기고 싶으나 되지않아 너무 답답한 마음입니다 빠른 조치해주시면 감사하겠습니다ㅠㅠ"
6,별표 5개 만점에 5개를 받았습니다.,2024년 3월 31일,러닝을 시작하게 해준 어플입니다. 문의사항이 있습니다. 시간달리기를 주로 이용하고있는데 예를 들면 40분 뛴 기록만 쫘라락 모아서 볼 수 있는 기능도 있을까요? 최근 기록이랑 최고 기록만 보이던데 특정 시간 달리기 도전 기록을 싹 모아서 보고싶습니다.
7,별표 5개 만점에 5개를 받았습니다.,2024년 3월 30일,런데이 어플 사용하면서 꾸준히 유산소 하는 습관이 생겼습니다. 그런데 폰을 바꾸면서 런데이 새로 접속하니 따로 계정 연동이 없어서인지 이전 기록을 불러올수 있는 방법이 없는것 같더라구요. 혹시 폰 변경시에도 이전 기록을 유지할수 있는 방법이 있을까요?
8,별표 5개 만점에 2개를 받았습니다.,2023년 11월 20일,프로그램을 꼭 설정해야지만 러닝이 가능하다는 점은 매우 직관적이지 않다. 가장 많이 쓰일 자율달리기 거리달리기 시간달리기는 앱 실행시 하단에 '지금달리기시작' 같은 버튼을 누르면 시간이나 거리를 자유롭게 선택할 수 있게 하고 그외의 챌린지나 프로그램들을 따로 선택할수 있게하는 것이 훨씬 간편하고 사용하기 편할것이다
9,별표 5개 만점에 1개를 받았습니다.,2023년 11월 10일,굿락으로 플립5 커버화면에 런데이 등록해놓고 커버를 닫은 상태로 손에 들고 뛰어요. 그런데 어쩌다 열면 진행상황이 초기화 돼요. 30분 달리기 도전 2주차하는동안 4번 경험했어요. 몇분 안돼도 처음부터 다시 시작하면 기운빠져요. 그리고 오디오 다시 시작하면 가이드 음성이 대부분 안나와요. 개선해주시면 바로 5점으로 업데이트 할게요. 추가정보 필요하면 답글 주세요. 정말 잘쓰고 있습니다. 팬으로써 피드백 드리고 싶어서 써요.
10,별표 5개 만점에 5개를 받았습니다.,2023년 11월 8일,런데이앱 잘 애용하고 있습니다! 앱 안에 있는 룰루레몬 스트레칭 하려고 하는데 영상이 실행 안되는 이유가 뭘까요? 와이파이 연결되어 있어요ㅠ 혹시 몰라서 앱을 삭제했다가 다시 설치해봤는데 그래도 안되네요 ㅠㅡㅠ 영상 재생에 실패했다고 네트워크 상태를 확인하라고 떠요;ㅅ; 와이파이로 다른 건 잘만 하고 있는데 왜이럴까요..??? 와이파이 끄고 데이터로 켜봐도 안되네요 ߹ᯅ߹
11,별표 5개 만점에 3개를 받았습니다.,2023년 10월 25일,스탭카운터로 걸음수 체크합니까?? 전화기 바꿨더니 걸음수체크 안됩니다. 제 전화기는 스탭카운터센서만 없더라구요. 런데이앱에서 해결가능한가요? 소프트웨어 개발이 어려워서 대응 안될까요? 사용하기 힘들다. 종류별 시작과 종료기능을 숨겨놔서 사용을 어렵게 해놨다. 중고급자 대상용임. 초급자는 램블러 합시다.
12,별표 5개 만점에 4개를 받았습니다.,2023년 12월 13일,"평생 운동을 한번도 안 해본 몸 이었는데, 이앱으로 꾸준한 운동을 성공했어요! 그리고 건의사항이 있는데, 일단 30분 달리기 도전 튜토리얼중에 나오는 말처럼 달리기는 전신운동이고, 다양한 근육을 운동하라는 말이 나오는데, 런데이의 전신운동 서비스에 설명이 좀더 명확하게 해주시면 좋겠고, 빠른 달리기 튜토리얼 추가, 그리고 같이 달린 사람 태그+사진 을 올릴 수 있는 기능 이 있으면 좋겠어요. 단순한 기록 저장 보단, 그때의 추억의 저장으로 앱에 더 충실한 고객으로 만들 수 있을것이고, 사람들이 사진들을 많이 찍을 수록 광고효과어필에 도움이 되시지 않을까?"
13,별표 5개 만점에 5개를 받았습니다.,2023년 11월 15일,"런린이지만 다른 어플과 비교해도 런데이 달리기 훈련 프로그램 좋습니다. 어플 내, 문의하는 곳을 만들어 주셔도 좋을 것 같아요. 갤럭시 워치 연동이 되는지 며칠전에 알아서 연동해서 이틀 사용했는데요. 런데이 어플을 열지 않아도 운동 기록이 연동되서 편하더라구요. 첫날은 워치에서 달리기로 설정하고 달린 기록이 런데이에 남았는데. 둘째날은 워치에서 걷기로 설정하고 걷기+달리기 했는데 런데이에 기록이 안남네요. 런데이에 걷기가 있는데 왜 기록 연동이안될까요?"
14,별표 5개 만점에 5개를 받았습니다.,2024년 1월 17일,"안녕하세요. 만족하면서 잘 사용하고있습니다. 불편한점이 2가지가 있어서 문의드립니다. 현재 워치 멤버십 결제 후 30일 달리기 도전 진행중입니다. 핸드폰은 집에두고 워치만 차고 나가서 운동장에서 켠 뒤 운동 시작합니다 1. 핸드폰으로 런데이를 진행했을 땐 친구관리에서 보이는 마지막 운동이 업데이트가 됐었는데 핸드폰은 집에 둔 후 워치로 런데이 진행 후 집에와서 동기화를 하면 마지막 운동이 업데이트가 안됩니다 2. 제 워치 메인화면 하단에 런데이가 계속 떠있는거 안사라지네요. 사용중인 어플 닫기 해도 안사라지고 뭘 해도 계속 떠있는데 사라지게 할 방법 알려주세요.+ 혹시 km당 심박수도 같이 볼 수는 없나요? 없다면 개선계획은 있나요? ++ 답변감사합니다. 알려주신방법은 이미 알고있습니다. 마라톤 심박수에 대해 찾아보다가 네이버 블로그 글을 보았는데, 어떤 어플 화면에 보니 km당 페이스와 심박수도 같이 나오더라구요? 그래서 런데이도 지원되는데 못찾나싶어서 질문드렸습니다."
15,별표 5개 만점에 5개를 받았습니다.,2024년 1월 23일,무릎때문에 포기했던 달리기를 런데이 덕분에 시작해서 무릎과 다리가 튼튼해졌고 건강과 일상의 활기를 되찾았습니다. 달리며 힘든 순간에 런데이가 '힘내세요!! ' 해줄때 순간 힘을 내서 끝까지 매번 목표를 달성할 수 있었습니다. 어느새 8주차에 접어들어 30분 5km 가 눈앞에 다가왔습니다 런데이 감사합니다
16,별표 5개 만점에 5개를 받았습니다.,2023년 10월 27일,"50분 달리기가 4주12회인데 12회 까지 끝나면 동그라미가 모두 파란색으로 변합니다. 강도를 달리해 다른 세트를 하고 싶은데 기능을 추가해 주세요. 추가 - 답변이 제 의도와 다르게 달렸는데 같은 프로그램을 다시 해보고 싶은데, 안한 상태로 초기화 되는 기능이 있었으면 합니다."
17,별표 5개 만점에 5개를 받았습니다.,2023년 10월 31일,현재 런데이 워치 스토어에서 배제된 상태인가요? 페이스 표시가 안되어서 재설치하는데 검색되지도 않고.. 이전 몇 달간 잘 쓰다가 최근 며칠간 이러니까 사용자 입장에서 굉장히 불편합니다. 워치 업데이트와 어떤 문제가 있었던것인지 아니면 구글 측 문제인건지 답을 받고 싶습니다. 그렇군요 알겠습니다
18,별표 5개 만점에 4개를 받았습니다.,2024년 2월 7일,운동 시작하고 난 후 홈화면이나 실수로 앱을 꺼버리면 시작화면에 '운동을 이어서 하겠습니까' 팝업이 뜨는데 이어하기를 누르면 강제종료 됨. 어떻게 하든 무조건 종료되서 하고 있던 운동 쓰레기통으로 몇번 보내니까 짜증나서 쓰기 싫음. 30분 달리기나 다른 운동들 잘 쓰고 있는데 이런 기본적인 거에서 틱틱 걸리니까 짜증남.
19,별표 5개 만점에 4개를 받았습니다.,2023년 12월 23일,맞춤형 달리기는 구간별 페이스를 음성지원해줘서 좋아요. 대회준비 프로그램도 구간별 페이스 음성지원 해주시면 더 좋겠습니다. 시계 확인보다 바로 들리는게 더 좋습니다.신발 마일리지 정리 아주좋아요. 근데 이름 수정이 안되네요. 처음 셋팅시 신발 버전 잘못 입력해서 수정할랬더니 삭제후 수정 안되서 신발 마일리지 상당히 날렸늡니다. 그리고 연동되는 워치에 코로스가 빠져서 아쉽습니다. 요즘 젤 핫한 시계가 코로스인데 말이지요. 이 세가지 정도만 보강된다면 당분간 런데이는 최강 앱이 될거라 생각합니다. 풀코스 프로그램은 예정에 있나요? 이것도 좀 아쉽습니다.
20,별표 5개 만점에 1개를 받았습니다.,2024년 2월 7일,핏빗이랑 연동하고 러닝을 마친뒤 런데이 앱을 켰는데요. '기록'에 들어가니 '핏빗 토큰 연결에 성공했습니다'같은 문구가 뜨더니 앱이 오류먹고 꺼지더라구요. 몇번 반복하다가 결국 켜졌는데 기록이 안 남네요. 왜 그런거죠?
21,별표 5개 만점에 4개를 받았습니다.,2024년 1월 5일,앱과 핵심기능은 너무 좋은데 ux 가 좀 아쉬워요. 1. 친구들의 상세 기록을 볼 수 있으면 좋겠어요 나의 기록탭>이달의 운동기록>운동을 눌렀을때 나오는 상세 기록이 타인에게도 보이면 좋겠어요. 모든 정보를 조회하는것이 개발하기 부담스러우면 최소한 내 정보를 사진으로라도 크루 피드에 공유할 수 있으면 좋겠어요. 2. 크루원들의 운동기록이 크루 내에서 보이면 좋겠어요. 친구관리>친구 선택시 러닝 포스트가 뜨는데 이게 크루>크루원>크루원 선택시 에도 동일하게 뜨면 좋겠어요 1번에서 말한 내용까지 뜨면 베스트 구요.
22,별표 5개 만점에 5개를 받았습니다.,2024년 2월 19일,다 좋은데 신체정보가 저장이 안돼요 분명 변경된 몸무게를 설정했는데 다시 원래 몸무게로 되돌아가있고... 큰 문제는 아니지만 이왕이면 소비 칼로리가 정확히 측정되었으면 하는데 아쉽네요 하지만 잘 쓰고 있습니다 운동하기에 좋은 앱이에요
23,별표 5개 만점에 5개를 받았습니다.,2023년 12월 19일,정말 잘쓰고있어요! 덕분에 100m에서 10km까지 달릴 수 있게 됐습니다. 다만 마라톤 루틴을 따르고 있을때 아직 루틴을 시작하지 않았다면(미리 만들어둔 상태) 바로 시작일을 조정할 수 있으면 좋겠어요! 매번 삭제 -> 새로운 일정 받는 과정이 귀찮습니다ㅎㅎ 또 러닝하신는분들 알람이 오면 들어가서 칭찬까지의 과정이 너무 귀찮아요ㅠ 카톡처럼 알람창에서 바로 응원을 보내면 좋겠어요!
24,별표 5개 만점에 3개를 받았습니다.,2023년 10월 31일,전에 잘 사용하다가 다시 이용하려고 보니 gps가 안뜨네요 no gps라 계속 떠요~검색해보니 저와같은 경우 많던데 왜이러는건가요?위치도 표시했고 허용도 하고 리뷰에나온대로 삭제후 다시 깔고 해봤는데도 안되네요 다뛰고나서 no gps뜨면 정말 허무해요. 구간별기록이랑 자세히 보고싶은데요 이럴경우 어찌해야합니까
25,별표 5개 만점에 5개를 받았습니다.,2023년 12월 4일,"작심삼일,의지박약 그잡채인 저에겐 딱 좋은 홈트앱이네요. 비록 운동주기가 길긴하지만 그래도 꾸역꾸역 하게됩니다. 특히 운동초보에겐 최고의 앱이에요. 음악어플을 틀고 작동해도 두 앱이 끊기지않고 같이 작동되서 더 좋은거같아요."
26,별표 5개 만점에 5개를 받았습니다.,2023년 11월 5일,런데이 ~~~ 강 추천합니다 처음 달리기를 시작하는 런리니 들에게 딱 필요한 어플입니다 핸드폰과 이어폰만있으면 어플을 실행해 초보자코스를 누르면 트레이너가 설명해주는데로 따라가기하면 끝이에요 그보다 스트레칭 근력운동 동영상도 잘되있으니 달리기쉬는날 잘활용하면 좋을것같습니다 참 런닝신발과 런닝에 필요한 상품들도 구입할수도있고 매장을 찾아가 구입할수있슴당
27,별표 5개 만점에 5개를 받았습니다.,2024년 1월 8일,달리는 중간중간 트레이닝을 해주니 좋긴한데 어째서 절전모드를 꺼야만 기능이 실행이 되나요? 제 폰이 성능이 별로라 절전모드를 켜놓지않으면 배터리가 빨리 줄어서 켜놓아야하는데...
28,별표 5개 만점에 5개를 받았습니다.,2023년 12월 6일,안녕하세요 런데이 어플 잘쓰고 있는 유저입니다.. 4주차 50분달리기 프로그램 이후 10k 맞춤별 러닝 중인데 혹시 시간알림이나 거리알림을 들을수 있는 별도 설정은 안되나요? 핸드폰을 러닝벨트에 차고 달리고 있어서 몇분남았는지 혹은 얼마나 남았는지 체크가 힘드네요..(반환 포인트만 알려줌) 알려주시면 감사드리겠습니다
29,별표 5개 만점에 5개를 받았습니다.,2023년 12월 19일,운동초보에게 가이드가 됩니다. 주변에 많이 소개하고 있습니다. 앱자체도 잘 만들었고 런닝에 대한 기초지식을 단계적으로 자연스럽게 습득할 수 있습니다. 1분 달리기도 어렵던 저에게 30분 달리기라는 도전을 시작하게 해주었네요. 앞으로도 기대되는 앱입니다.
30,별표 5개 만점에 5개를 받았습니다.,2024년 1월 9일,안녕하세요 어제 처음 써봤는데 생각보다 좋아서 만족하고 있어요. 다만 크루 기능을 써봤는데 랭킹에 제 기록이 표시가 안되더라구요. 피드에도 기록이 자동으로 작성되지 않구요. 혹시 설정에서 '러닝 기록 자동 추가' 를 꺼놔서 그런건가요? 달리기 전에 그 기능을 켜놔야 크루 랭킹이나 피드에 기록이 표시되는지 궁금합니다. 뒤늦게 켜봤지만 여전히 표시가 안돼서요..ㅠ
31,별표 5개 만점에 5개를 받았습니다.,2019년 10월 14일,"아무 지식이 없어서 혼자 뛸 때는 자신감없이 마구잡이로 뛰게 되어, 일회성으로 마무리 되었습니다. 하지만 런데이 앱에서 트레이닝 해주는 프로그램과 같이 뛰어보니, 초보 수준에서조차 효율적이면서 효과적으로 뛸 수 있게되어, 지속적인 운동이 가능해졌습니다. 프로그램에서 나오는 정보 또한 너무 유익해서, 런닝이 끝나고 글로 기록해 놓는 편입니다. 감사합니다, 런데이!!! 제 삶을 긍정적으로 바꾸셨어요!!:D p.s. 개발자에게 도움이 되는 피드백을 드리자면, 가끔 운동한 기록이 통합이 안되어서 나중에 기록되어도 도장이 안 찍혀있는 경우가 있습니다. 인터넷 문제는 아닌 것 같아서, 먼저 말씀드립니다. 물론, 전 그럴 경우엔 나중에 컨디션 안좋을 때 다시 그 코스를 뛰어서 도장을 채워놓습니다;D 같은 코스였는데 쉬워진 걸 느끼면서 큰 성취감이 느껴지네요!"
32,별표 5개 만점에 5개를 받았습니다.,2021년 9월 3일,런데이 너무 잘쓰고 있습니다. 다만 2가지 정도 건의 드리고 싶은데요.. 제가 가민워치와 같이 쓰고 있으면서 아쉬운 점이 있는데요. 1. 트랙에서 거리가 많이 부정확 합니다. - 400미터 트랙을 계속 돌고 있는데 가민에 비해 거리가 더할 수록 나중에는 거의 2km 까지 차이가 나더라구요.. 믈론 스마트폰 GPS 기반이기 때문에 한계가 있을 거 같지만 혹시 알고리즘 적으로 수정이 가능할까요? 2. 자동 운동 멈춤 기능 - 이 부부이 가장 아쉬운데요.. 런닝을 하다가 잠시 쉬거나 화장을 이용하려고 하면 꼭 주머니에서 스마트폰을 꺼내서...
33,별표 5개 만점에 5개를 받았습니다.,2019년 2월 1일,런닝을 시작한다면 이 앱을 추천합니다. 달리기에 필요한 정보들이 달리는 고통스러운 중에 귀에 쏙쏙 들어옵니다. 초보자부터 시작할 수 있는 단계별 코스가 처음부터 10km를 달리고자하는 욕심으로 중도에서 포기하는 것을 막아줍니다. 달리는 속도 측정은 정확하지 못합니다. 걷기와 천천히 달리기를 각각 천천히 달리기와 빨리 달리기로 바꿔서 하고 있는데 기록 상에선 두 속도의 차이가 크지 않습니다. 빨리 달리기는 런타스틱과 비교해서 시속 5km 정도 차이가 납니다.
34,별표 5개 만점에 5개를 받았습니다.,2019년 2월 18일,"친구 추천으로 이번 달 초부터 시작해서 30분 달리기 시작 단계 코스를 달리고 있습니다! 저는 운동할 때 몸과 움직임에 관한 설명을 듣는 것을 아주 좋아하고 또 중요하게 생각하는데, 매 트레이닝마다 트레이너 분께 새로운 이야기를 들을 수 있어 늘 지루하지 않습니다. 꾸준히 운동할 수 있도록 운동을 하고 싶게 북돋워주는 매력적인 앱입니다. 몇 가지 문의사항 드립니다. 1. 트레이닝 종료 후 앱이 갑자기 중단되는 현상이 자주 발생합니다. 재접속 시 기록된 데이터가 병합되므로 누락되는 부분은 없지만, 조금 당황스럽습니다. 2. 현재 달리기 도전 초보자 8주완성 코스의 2주차 3번째 코스를 완료했는데, 다음 주간 코스 버튼이 없는 것은 어떤 현상인가요? 3. 카테고리 중 '팁' 을 누르면 앱이 갑자기 중단되는 현상이 계속 발생합니다. 한 번도 들어가본 적이 없어서 슬픕니다... 다음 운동 때까지 2주차 3번째 코스를 되풀이하며 답변 기다리겠습니다. 항상 개발과 운영을 응원합니다!"
35,별표 5개 만점에 4개를 받았습니다.,2022년 9월 18일,"잘 쓰고 있습니다. 다만 몇가지 불편한 점이 있네요. 1. 런데이 워치 앱과 휴대폰이 즉각 연동되지 않습니다. 이를 방지하여 연동 버튼이라던가 수동연동할 수 있는 방법이 있으면 좋을텐데 없네요... 몇 번이고 새로고침 눌러봐도 동기화가 안됩니다 2. 런데이 워치 앱으로 실내 트레드밀을 달리면 얼마나 뛰었는지 기록이 안나옵니다. 삼성헬스와 연동된다던데 기록이 아예 안되네요.... 심지어는 이렇게 워치에서 달리기를 한 후에는 앱에서 기록 수정이 안됩니다. 3. 런데이 앱을 실행한 후 영상을 보면서 달리고 싶은데, 음성이 계속해서 나옵니다. 음성을 없앨 수 있는 방법이 직관적으로 표시되었으면 합니다. - 이 모든 불편한 점은 초보자30분 코스 연습할 때 생겼던 일입니다. 1번부터 어떻게 하는지 알려주시면 감사하겠습니다ㅠㅠ"
36,별표 5개 만점에 5개를 받았습니다.,2020년 1월 13일,"달림이들에게 꼭 필요한 기능이 좋습니다. 단 20km부터는 말로 들려주는 페이스 통보기능이 중지되는 것이 매우 아쉽습니다. 혹시 폰에서 뭔가 잘못되었나 3번 테스트해보았는데 마찬가지네요. 그래서 하프 및 풀코스의 기록을 들으면서 달릴 수가 없어요. 개선되길 바래봅니다. 점차개선이 될 것을 기대하며, 러닝 최고의 앱으로 강추합니다."
37,별표 5개 만점에 5개를 받았습니다.,2020년 4월 16일,장점 1.정해진 목표를 달성하면 기록측정이 자동으로 멈춤 2.달리기 중 화면이 계속 켜져있음 3.km당 누적시간이 표시됨 타 어플에서 안되는 기능이 있어서 참 잘쓰고 있습니다. 나이키 아디다스 등 많은 어플을 써봤지만 달리기 어플중엔 최고인것 같아요 대신 달리기화면에서 표시되는 글자크기가 너무 작아서 달리기하면서 보기가 힘들어요 그리고 기록정보에 고도도 표시되면 좋겠어요
38,별표 5개 만점에 4개를 받았습니다.,2021년 4월 23일,"1. 러닝 시 폰수납 위치에 따라 트랙킹 성능이 확연히 차이납니다. 러닝팬츠 뒤에 있는(둔부 쪽) 포켓에 폰을 넣어놓고 뛰니 제가 뛰는 것과는 전혀 다르게 트랙킹을 하더라구요.(3번 테스트 해보았는데 모두 동일현상 발생, GPS 켜져있었고 절전모드 등 다른 컨디션 모두 체크 해보았습니다.) 바지주머니, 상의주머니 등 폰을 수납하는 위치에 따라 러닝 결과도 너무 달라서 이 부분은 꼭 수정/보완이 시급하다고 봅니다. 2. 지금은 러닝 시작 전 카운트다운이 5초인데 시간을 설정할 수 있었으면 좋겠습니다. ex). 3초, 5초, 10초.. 특히 1번의 문제로 수납공간이 한정되어있는 여름에는 어쩌나 고민중인데 확인해주시면 감사드리겠습니다. 하지만 잘 작동할 때는 전혀 문제없는 앱이어서 일단은 매번 동일한 위치에 수납하고 사용중에는 있습니다. 화이팅입니다."
39,별표 5개 만점에 5개를 받았습니다.,2020년 3월 15일,일단 깔고 뛰세요. 현재 초보자용 30분 달리기 목표 프로그램 하고 있구요 2주차 첫번째 뛰고 리뷰 작성하고 있어요. 처음엔 쉽다가 점점 난도가 올라가는 체계적인 방식으로 프로그램이 설정되어 있어서 부담없이 하기 좋아요. 그리고 달리기를 하면서 목소리가 달리기와 관련된 다양한 정보를 알려주는 것도 도움이 많이 되고 있어요. 동기부여가 되기도 해요. 스트레칭도 따로 안내해줘서 괜히 찾아볼 필요없이 잘 이용하고 있습니다. 휴대폰에 저장된 음악이 랜덤으로 재생되도록 설정 하니까 아는 노래에 맞춰 신나게 뛸 수 있었어요. 매일 달리기가 끝나고 체계적으로 달린 거리와 소모한 칼로리를 알려주는 것도 매번 동기부여를 해줍니다. 잘 만들어주셔서 감사합니다!
40,별표 5개 만점에 5개를 받았습니다.,2019년 11월 15일,정말 운동하기 싫어하고 귀찮아하는데 런데이랑 함께 하니까 주2회는 꾸준히 할 수 있는 것 같아요 무엇보다 장점은 걷고 뛰는 걸 일정하게 반복할 수 있다는 점이에요 헬스트레이너의 파이팅 넘치는 격려도 달리기를 계속 할 수 있게 해주고요ㅋㅋ다만 좀 더 보안이 됐으면 하는 부분은 달리기/걷기 음악을 한 곡만 지정하는 게 아니라 여러 개를 지정하거나 구간 음악이 이어지게 나오는 기능이 추가됐으면 좋겠어요! 랜덤으로 설정해놓아도 대부분 처음부터 시작해서 약간 지루하네요 그래도 혼자 운동할 때보다 확실히 즐겁습니다! 추천이에요!
41,별표 5개 만점에 5개를 받았습니다.,2018년 10월 11일,잘 사용하고 있습니다! 4주차에서 5주차로 넘어가는데 음악이 잘 들리다가 갑자기 나오질 않네요! 한번 삭제했다가 다시 깔아봐야할까요? 유용하게 잘 쓰고 있습니다! + 10/6 네 여전히 음악은 나오질 않습니다. 성우의 안내음성은 잘 나오는데 음악만 나오지 않아요. 개인적으로 갖고 있는 음악들로 대체하고 있긴 하지만.. 확인 부탁드립니다. +10/12 음악이 다시 잘 나옵니다! 빠른 대처 감사합니다!
42,별표 5개 만점에 2개를 받았습니다.,2019년 7월 29일,"감사하고 또 실망스럽습니다. 제가 예전부터 말씀드린 트레이너 음성 중단 버그는 수정이 안 됐고, 오히려 새로운 버그가 생겼습니다. 재설치를 해보아도 여전했습니다. 배경음을 중지, 재생 반복하다보면 다시 재생이 눌리지 않는 버그가 생겼더군요. 그래서 그냥 배경음 없이 달립니다. 하지만 그럼에도 불구하고 정말 좋은 앱입니다. 제게 달리기를 알려준 스승입니다. 저는 마켓컬리 광고가 나오든 상하단배너가 달리든 프리미엄 결제가 있든 상관없습니다. 단지 버그가 점점 늘어나는 게 안타까울 뿐입니다. 전 버그를 참으며 계속 달렸고 8주에 접어들었으며 거의 끝나갑니다. 30분 달리기에 성공하고 런데이를 지우겠습니다. 제 기기와는 맞지 않는가 봅니다. 아 참고로 OS는 자동으로 업데이트되는 순정 글로벌 버전입니다. 나중에라도 개선되어서 더 많은 사람들이 이용하는 어플이 되었으면 좋겠네요. 그동안 정말 감사했습니다."
43,별표 5개 만점에 5개를 받았습니다.,2019년 9월 21일,"잘 사용하고 있습니다. 인터벌 알려주는 기능이 별거 아닌거 같으면서도 참 좋네요. 초급코스 기준으로 트레이너가 정보 전달하는거 들으면서 뛰니 30분도 금방 지나가는 느낌이구요. 음악 기능에 관해서 건의인데, 노래 폴더를 선택하거나 상황에 맞춰 음악 하나를 선택하는 식인거 같은데 걷기 또는 뛰기에 나오는 음악을 여러개 선택 할 수 있으면 좋겠네요. 뛸 땐 템포가 빠른 노래, 걸을 땐 느린 노래를 선택했는데 하나만 나오니깐 뭔가 심심하더라구요. 게다가 음악 하이라이트부터 나와서 금방 끝나기도 하구요. 어쨋든 어플 잘 사용하고 있습니다. 감사합니다."
44,별표 5개 만점에 5개를 받았습니다.,2022년 8월 27일,수년 간 잘 이용하던 나이키러닝앱이 점점 쓰기 힘들어져서 새로운 걸 찾다가 발견한 앱이 바로 런데이 입니다. 심플하고 깔끔한 디자인과 달리기 앱이라는 본연의 기능이 잘 발휘되어 만족하며 쓰고 있습니다. 언제나 감사하고 고생하십시요! 약 3달간 써보고 아쉬운 점.(수정) 달리기 할 때 유용하게 잘 쓰고 있습니다. 다만 달리기를 시작하고 다른 앱으로 노래를 들으려고 나갔다가 들어오면 다시 들어간 시점부터 달리기가 처음 시작됩니다. 이렇게 날린 달리기 기록이 좀 있다보니 아쉽네요. 저 같은 경우는 유튜브 프로로 노래를 듣고 있는데 업데이트 간 해결이 가능할까요?? 이 점 외에는 너무 만족스럽습니다^^
45,별표 5개 만점에 5개를 받았습니다.,2020년 10월 15일,"그동안 잘 사용하고 있었습니다. 달리기에 흥미를 갖게 해주고 운동을 지속할 수 있게 도와주는 좋은 어플이에요. 그런데 오늘 업데이트하고 나서 달린 거리가 전혀 측정이 안 되네요... 터치잠금을 걸고 화면을 끈 다음 달렸는데, 기록 알림 목소리 같은 건 전부 나왔으니 프로그램은 계속 진행되고 있었을텐데 기록을 확인하니 달린 길이가 0으로 나와요. 어떤 부분이 문제인지 모르겠네요.. + 20.10.15 업데이트 버튼은 최소한 운동프로그램 사용중에는 뜨지 않아야 하지 않을까요? 프로그램 확인중에 갑자기 업데이트해야만 이용할수 있다고 뜨고 화면 터치도 안돼서 종료했더니 뛰던 구간을 처음부터 다시 해야하고... 운동중에 리듬이 깨지는 건 누구나 불편하고 짜증나는 경험일 겁니다."
46,별표 5개 만점에 5개를 받았습니다.,2019년 9월 18일,"제가 써본 운동앱 중에 제일좋은듯... 단지, 건의사항이라면...자유런닝 옵션으로 인터벌 설정(1분런닝+2분걷기 같은 시간설정)을 사용자가 원하는대로 할수있으면 좋겠네요. 그리고 런닝, 걷기때마다 효과음나오면 좋겠네요. 초급모드로 이어폰끼고 설명들으면서 하는거외로 추가로 입맛대로 인터벌설정 있으면 좋겠네요."
47,별표 5개 만점에 5개를 받았습니다.,2021년 7월 16일,"실수로 운동종료를 눌렀을 때 종료시점부터 다시 시작할 수 있는 기능이 있으면 좋겠습니다. 똑같은 코스를 눌렀을 때 ""중간에 중지했던 기록이 있습니다. 중지시점부터 시작할까요? 아니오를 누르면 처음부터 시작합니다."" 같은 문구가 나오면 어떨까요. e북 처럼요. 이 외에는 너무 좋은 어플입니다! 잘 사용하고 있어요!"
48,별표 5개 만점에 5개를 받았습니다.,2022년 9월 17일,"저는 30분 달리기 도전 코스를 이용하고 있습니다. 동기부여 확실하고 녹음된 음성이라도 격려와 응원 그리고 유용한 정보까지 함께 알려주니 너무 좋습니다! 정말로 저만의 코치가 함께 있어주는 것 같은 느낌이 듭니다. 다만, 한가지 아쉬운 점이 있습니다. 갤럭시스토어에서 런데이 앱(워치용)을 설치 항 수 없다는 것 입니다. 이번에 갤럭시워치와 콜라보 이벤트를 하는 것을 보고 갤럭시워치로도 앱을 이용할수 있다는 것을 알게 되어서 기대감에 한껏 부풀어올랐습니다만 바로 실망을 할 수 밖에 없었습니다. 구글플레이로 설치를 해야한다는 것을 알게되었기 때문이죠. 갤럭시워치3 이하 모델들은 구글OS가 지원되지 않습니다. 부디 런데이 관계자 분들께서 삼성이 무시하고 버린 갤럭시워치3 이하 모델들을 사용하는 유저들을 생각해서 갤럭시 스토어앱에도 해당 앱을 올려주시기를 부탁드립니다. 그 어떤 달리기 앱보다 월등히 뛰어난 앱이라고 생각합니다. 언제나 응원합니다!"
49,별표 5개 만점에 5개를 받았습니다.,2019년 4월 17일,런데이로 군살을 많이 빼고 체중감량 요령에 대해 느낀점이 있는데요. 인터벌러닝(예컨데 3분뛰고 2분걷고를 반복)이 꾸준하게 30분 뛰는것보다 덜 힘들면서 체중감량 효과는 훨씬 크드라고요. 그래서 런데이코스중에 인터벌러닝 구간을 조절할수 있었으면 합니다. 5분뛰고 2분쉬는 거가 최대이던데..뛰는시간 조절하고 싶어요.
50,별표 5개 만점에 5개를 받았습니다.,2020년 3월 14일,"런데이 어플 정말 잘 사용하고 있습니다! 이런 어플 개발해주셔서 감사합니다. 다만 저는 운동할때 어플 기본 음악을 사용하지않고 타 음악어플을 사용하는데, 어플 음악 설정을 '사용하지 않음' 이라고 설정했는데도 노래가 30초동안 나오다가 자동정지되네요ㅠㅠ 전에는 타 음악어플 사용할때도 트레이너 음성이 나올때는 자동으로 음향을 줄여주고 끊기는 것도 없었는데, 혹시 해결방법 알 수 있을까요?"
51,별표 5개 만점에 5개를 받았습니다.,2023년 10월 13일,새로운 피드백으로 듣고 뛰니 시간이 정말 잘가고 집중도 잘됩니다. 지루하지 않고요. 기록 달력을 확인하니 찍히는 도장에서 동기부여가 되네요. 위젯으로 달력 또는 프로그램 실행이 노출된다면 매일 바탕화면에 저의 기록과 꾸준함을 동기부여 할 수 있는 좋은 방법이 될 것 같습니다.
52,별표 5개 만점에 5개를 받았습니다.,2021년 3월 23일,"런데이 항상 잘 이용하고 있습니다. 너무 만족스러운 어플이에요. 한 가지 건의드리고 싶은 것이 있어 말씀드립니다. 30분 달리기 능력 향상 프로그램이 참 맘에 드는데요. 이를 응용해서 이용자가 30분 이상으로 시간을 늘린다거나 달리기 프로그램 구성을 짤 수 있는 기능도 만들면 어떨까요? //예시1) 이용자가 '걷기-보통속도달리기-빠른속도달리기' 조합을 7번 반복하도록 설정. 예시2) 이용자가 '걷기-보통속도달리기' 조합을 12번 반복하도록 설정// 걷기, 보통속도달리기, 빠른달리기 각각의 시간도 설정할 수 있으면 개인 맞춤형 훈련 프로그램을 스스로 만들어보는 재미도 있을 것 같습니다."
53,별표 5개 만점에 4개를 받았습니다.,2021년 11월 10일,"갤럭시워치4 사용하면서 8주플랜 진행하고 있습니다. 프로그램이 너무 좋아요. 감사합니다^^ 혹시 원하는 페이스별로 그 페이스로 유지하며 달릴 수 있도록 하는 플랜도 만들어 주실 수 있을까요? 일정한 속도 유지나 제게 적합한 속도를 찾는게 어렵네요. 개선 요청사항 워치에서 찍히는 기록이 플랜시작하고 폰에서 기록된 것과 따로 저장되어서 동일 시간대에 2개의 기록이 있어요. 심지어 런데이에서 찍힌 기록엔 중간중간 기록이 끊겨서 그걸 지우자니 8주플랜수행기록이 없어질 것 같아 지우지도 못하구요ㅠㅠ(운동분석은 워치데이터로 플랜 수행기록은 런데이측정데이터로 가지고 있어야 하는 상황ㅠㅠ) 러닝 시작할때 워치데이터를 쓸 것인지 물어버고 그 데이터를 플랜(또는 자유러닝) 기록으로 사용하거나, 나중에 워치 기록을 가져오면 둘 중 데이터를 선택하고 그 데이터로 상세분석이 되는 방식으로 변경되었으면 합니다. 혹시 제가 기능을 모르는 거라면 방법 좀 알려주세요ㅠㅠ"
54,별표 5개 만점에 4개를 받았습니다.,2019년 8월 11일,"남성 여성 성우분 목소리가 너무 좋고 코스별로 다양해서 좋습니다. 다만 유튜브뮤직 어플로 음악을 실행하고 나서 음악을 들으며 런타임 자유달리기 코스를 실행할 경우, 성우 분의 목소리가 크게 들린 이후 유툽 뮤직 어플로 실행한 음악의 소리가 많이 작아지는 오류가 있습니다. 그 후 음악을 듣기위해 소리를 최대로 키웠다가 다시 나온 성우분 목소리가 너무 커서 고막이 터질 뻔 했네요...:) 런타임 어플을 종료할 경우 음악의 소리는 원래대로 돌아옵니다. 오류 수정해주시면 더 잘 사용할 것 같습니다!"
55,별표 5개 만점에 3개를 받았습니다.,2023년 2월 10일,"잘 쓰고 있습니다. 덕분에 1분 달리기 벽도 깨고 올해 동마 풀도 나갑니다. 한가지 건의 드리면 음악 볼륨이 조정 기능이 없고, 통화 등 다른 볼륨과 차이가 많이 납니다. 블루투스 이어폰 끼고 달리다 전화 받으면 귀청 떨어져 나갑니다. 가민 음성자동안내 소리는 너무 작게 들려서 들리지도 않습니다. 음악 볼륨 조정 기능 좀 넣어 주세요. 귀청 몇 번 떨어져나가면 저도 어쩔수 없이 나이키 등 다른 서비스로 갈아탈수 밖에 없을 것 같습니다."
56,별표 5개 만점에 5개를 받았습니다.,2023년 7월 3일,"러닝 어플 중에 가장 안정성이 높아서 좋습니다! 혹시 가능하시다면 아래의 기능들이 생기면 좋을 것 같습니다. **나만의 코스 등록 기능 : 거리달리기 도전시 같은 거리를 뛰더라도 트랙, 집앞공원, 강변길 등등 로드의 컨디션, 오르막 내리막 유무 등에 따라 기록은 천차만별로 달라질 수 있잖아요? 풀코스 기록도 동아마라톤 코스냐? 춘천마라톤 코스냐? 에 따라 달라지듯이? 그래서 유저가 본인이 자주 뛰는 코스를 등록해두고 해당 코스에서 뛸 때는 그 코스를 선택해서 뛸 수 있도록! 나중에 기록을 볼 때도 그 코스의 기록만 따로 필터링해서 볼 수 있으면 좋을 것 같습니다. 예를 들면 거리달리기 3km에서 나만의 코스 기능 선택시 '집앞공원', 'ㅇㅇ대학교 육상트랙' 등으로 등록할 수 있고, 나중에 기록에서 볼 때, 나만의 코스를 누르면 그 코스에서 뛴 기록들이 쭈루룩 뜨고, 해당 코스 best 기록, 해당 코스 최근 기록 등을 볼 수 있도록이요!! 긴 글 읽어주셔서 감사합니다."
57,별표 5개 만점에 5개를 받았습니다.,2020년 5월 10일,"완전 운동 안 하던 체력 안 좋은 사람들을 위한 플랜도 만들어주시면 좋겠어요. 운동 아예 안 하던 사람이라 런데이 어플로 시작해보려로 30분 달리기 플랜 도전했는데, 최대한 느리게 달리고 있지만 2분~2분 30초 달리기까지는 힘들어도 할 수 있었는데, 갑자기 3분 넘어가고 바로 4분으로 늘어버리니까(그 뒤로는 또 확확 달리는 시간이 늘어나서) 힘들어서 스탑했어요ㅜㅜ 다시 2분대로 돌아가서 반복하면 되지만, 가이드 설명도 똑같은 거 들어야 하고, 도전 성공하며 도장 찍을 수도 없고요. 저질 체력으로 운동 입문하는 사람들 용으로도 가이드 플랜 만들어주시면 정말 좋을 것 같아요."
58,별표 5개 만점에 5개를 받았습니다.,2021년 3월 24일,너무 좋아요! 달리기 하기 싫었었는데 런데이 한 번 이용해보니까 달리기가 좋아졌고 앞으로도 잘 이용할게요!! 그런데 친구추가 관련해서 문의드릴게 있는데 어떤 친구는 친구추가가 되는 반면 어떤 친구는 서로 닉네임 검색을 하는 데까진 성공해도 추가하는 과정에서 + 및 - 비콘만 나타나고 +를 -로 -를 +로 되게 눌러도 친구추가가 안되네요! 어떻게 해야 친구추가 가능한가요??
59,별표 5개 만점에 5개를 받았습니다.,2022년 8월 3일,"잘 사용하고 있습니다. 다만 아이폰 유저와 함께 같은 코스 동시에 눌러서 달리고 있는데 항상 운동 멘트에 시차가 조금씩 발생하더라구요. 갤럭시폰이 항상 멘트가 조금씩 빨리나오고 아이폰은 조금씩 늦게나오던데, 시간 관련 조건문 설정이 갤럭시는 >= 으로 되어있는데 아이폰은 ＞ 기호로 되어있는게 아닌가 하는 의심이 듭니다. 그게 아니면 동일한 거리를 달리는데 아이폰은 페이스가 더 빠르고 갤럭시는 더 느리게 나오는데, 아이폰 시간이 좀 더 천천히 간다던지하면 설명이 되는 것 같습니다. 나오는 멘트가 잦을수록 시간 차이가 커져서 전자가 좀 더 맞는거 같은데, 이 현상 수정 좀 부탁드립니다. 참고로 사용하는 핸드폰 기종은 노트10+이랑 아이폰12입니다."
60,별표 5개 만점에 4개를 받았습니다.,2019년 4월 14일,기능적으로는 최고입니다. 혼자서 의지로 달리면 절대 못하는 운동량을 하게 해주는 앱임. 아쉬운건 가끔 음성이 안나오는 때가 있다는거 무선 이어폰 연결 문제인지 뭔지 원인은 정확히 모르겠는데 앱을켜서 음악을 꺼주면 음성이 나오고 다시 음악을 켜면 음악만 나오고 음성이 안 나옴 ㅡㅡ
61,별표 5개 만점에 5개를 받았습니다.,2022년 8월 16일,워치 앱이 있었다면 최고의 어플이었을텐데.. 워치나 웨어러블 기기용 어플로 개발해주세요....!!! 세상에 갤럭시워치에서도 개별적으로 어플을 쓸 수 있다니 너무 신세계입니다!!!! 이젠 단연 최고의 달리기앱입니다...!!! 휴대폰 없이 달리기를 하면서도 런데이프로그램을 진행할 수 있다는 것이 너무 행복하네요!!!!
62,별표 5개 만점에 5개를 받았습니다.,2022년 5월 8일,"달리기라면 질색을 해서 학창시절 달리기 기록으로 점수 주던 시절에도 점수를 포기하던 제가 우연히 런데이를 알게되면서 (힘들지만) 달리기의 재미를 알게 되었어요. 저라는 사람이 러닝을 한다는 것 자체도 신기한데, 늘 쉽게 그만두고 지속하지 못하던 성격의 제가 무언가를 포기하지 않고 끝까지 해본다는 것과 꾸준히 이어간다는 경험을 할 수 있게되어서 8주차 운동이 끝나는 날에는 눈물이 나더라구요ㅠ 코로나로 거의 2년을 쉬다가 최근 다시 앱을 켜고 달리기 시작했고 역시 런데이의 도움을 받으면서 달리다보니, 달리는 건 여전히 힘들지만 다시 꾸준히 할 수 있을 것 같습니다. 프로그램 구성을 누가하신건지 칭찬과 감사를 드립니다~ 늘 함께 달려주시는 런데이 총각 성우분께도 감사를! 오늘도 저는 혼자가 아닙니다!"
63,별표 5개 만점에 1개를 받았습니다.,2021년 3월 4일,"몇 개월 전 부터 사용하려고 했던 어플인데 어플을 깔면 로딩이 한참 걸리다가 네트워크 연결실패 라는 문구가 뜨면서 어플사용이 아예 불가능합니다. 껐다켜도 재설치해도 마찬가지 이며 어플을 깐 이후에는 인터넷도 연결이 안됩니다. 와이파이, 데이터를 사용해서 어떤 어플을 사용하든 웹서핑을 하든 인터넷이 연결 되어있지 않은 상태마냥 안됩니다. 심지어는 지워도 같은 상태가 반복되며 어플을 지우고 휴대폰을 껐다 켜야지만 원상태로 돌아옵니다. 심지어 몇개월사이 휴대폰을 바꿨지만 여전합니다."
64,별표 5개 만점에 5개를 받았습니다.,2021년 5월 17일,작년부터 꾸준하게 사용하고 있는 러닝앱입니다. 런데이로 처음 러닝을 시작했는데 8주 달리기 완성하고 30분 달리기 능력향상까지 하고있어요. 진짜 내가 할 수 있을까라는 생각이 어떻게 되네로 바뀌는 신기한 경험을 할 수 있습니다. 런데이 하면서 러닝에 재미를 붙여 마라톤도 3번이나 참가했고 할 때마다 페이스도 단축할 수 있었습니다. 작년 마라톤 기록에 오류가 있어 메일로 문의를 드렸는데 수정에 수정에 수정에 수정까지 포기하지 않고 해주셔서 정말 감사했습니다. 앞으로도 계속 이용할 최고의 앱입니다👍
65,별표 5개 만점에 5개를 받았습니다.,2020년 8월 23일,"6개월 이상 사용하면서 큰 도움이 되었습니다. 혼자서는 규칙적으로 하기 어려운 운동에 접근성을 많이 높혀주었습니다. 다만, 최근 업데이트 이후에 초보자코스, 자유달리기 등을 시작하면 앱이 종료됩니다. 다시 앱을 켜면 이어서 달리기 창이 나오고 이어서 달리기를 선택하면 다시 또 앱이 종료됩니다. 주변에 런데이를 사용하는 다른 사람은 이런 문제가 없어서 제 폰에서만 문제일 수 있을것도 같습니다. 빨리 다시 정상적으로 사용할 구 있으면 좋겠습니다."
66,별표 5개 만점에 5개를 받았습니다.,2022년 3월 6일,"최근 번아웃이 와서 누워만있었습니다. 한동안 아무생각도 안하고 누워서 숨만쉬다가 문득 달리고 싶다는 생각이 들었고, 유튜브에 달리기 하는 법이라고 검색해서 한 영상을 봤습니다. 영상에서 달리기 입문자들을 위해 런데이를 추천해주더라구요. 충동적으로 앱을 깔았고, 그날 저녁부터 런데이를 시작했습니다. 그리고 지금은 4주차를 넘어가는데, 덕분에 번아웃을 조금 이겨낸듯합니다. 습관을 들이기에 아직 어려움이 많지만, 조금씩 부지런해지려구요. 별 기대없이 시작한 런데이였지만 도움이 많이되었습니다!!"
67,별표 5개 만점에 5개를 받았습니다.,2020년 8월 3일,"""30분 달리기 도전""이랑 ""30분 달리기 능력 향상""이 스탬프 찍는 페이지에서 제목이 바뀌어서 달려있어요~ 수정 부탁드려요~ 그리고 스마트워치가 없는 상황에서 궁금해서 스마트워치 연결로 설정 해놓고 잊어버리고 썼었는데, 그러면 gps가 제대로 안 잡히고 0.1km 달린 걸로 나와요. 연결 해제 하니 제대로 나오네요."
68,별표 5개 만점에 3개를 받았습니다.,2021년 9월 17일,1. 장점: 격려가 큰 힘이 되어서 달리기 하는데 많은 도움을 받고 있어요. 2. 단점: Gps가 너무 부정확해요. 때문에 할 수 없이 다른 어플과 함께 사용하고 있습니다. 제 핸드폰 문제인가 했는데 다른 어플은 매일 너무 정확하게 기록되어서요. 오늘도 런데이는 맨처음 걷기운동만 기록되었네요 응원들으면서 열심히 달리고 기록 안된걸 보면 속상해요ㅠㅠ
69,별표 5개 만점에 5개를 받았습니다.,2023년 8월 13일,"런데이 덕분에 달리기에 재미붙여서 열심히 운동하고있는 런데이유저입니다. 저는 주로 30분달리기로 러닝을 하는데, 한 회차를 3-4번 반복하고 다음 회차로 넘어가는 식으로 진행하고 있어요. 그래서 항상 기록들을 비교해보는데 이걸 그래프로 한눈에 볼 수 있었으면 좋겠다싶어서 리뷰 남깁니다. 예를들어 5주 3회차 내에서도 페이스, 걷기, 거리 등등 세부적인 기록들이 있잖아요, 그런 기록들이 그래프로 표시되면 한눈에 비교 해 보기도 좋을 것 같아요. 늘 어플 개선에 힘써주셔서 감사합니다:)"
70,별표 5개 만점에 5개를 받았습니다.,2019년 10월 27일,아주 잘 쓰고있습니다. 요즘 스트레스때문에 우울하고 잠도 안와서 운동이라도 하자 하고 시작한건데 재밌어요. 멘트도 힘나고 정보도 얻고ㅋㅋ 끝까지 번 열심히 해보려구요. 다만 2회차때 완료하고나서 우상단에 완료버튼(체크모양)을 깜빡하고 안눌렀더니 도장이 안생기더라구요...??? 시간완료되면 자동으로 도장 찍히게 변경되면 더 좋을것같아요ㅠ 도장 빈 거 보기 싫어서 다음날 안쉬고 한 번 더 뛰어서 건강엔 더 좋았겠지만요ㅎㅋ
71,별표 5개 만점에 5개를 받았습니다.,2022년 11월 5일,그동안 사용해본 러닝관련 앱 중 최고입니다. 다만 실내에서 러닝을 진행할 경우 수동으로 기록해야 하는 게 유일하게 아쉬운 점입니다. 특히 시간을 수정할 수 없어서 기록 후 자동계산되는 속력 등이 부정확할 수밖에 없습니다. 실내러닝도 자동으로 기록이 가능하게 해주시거나 혹은 시간까지 수동입력이 가능해져서 조금 더 정확한 속력 등을 기록할 수 있게만 된다면 무결점의 앱이 될 것 같습니다.
72,별표 5개 만점에 4개를 받았습니다.,2022년 12월 30일,스마트 시계 연동에서 운동 완료후 기록에 들어가면 시계의 기록을 가지고 오는데 이게 런데이의 기록과 얀동이 되서 부족한 부분이 합처져야 하는데 각각의 데이터로 저장이 되어서 누적 키로수가 2배가 되는데 수정 좀 해주세요. 그리고 프로그램에서 웜업이 개인적으로 부족해 걷기같은걸 2~30분정도 하는데 이어서 진행하는 프로그램이 각각 남지않고 붙여서 하나의 기록으로 볼 수 있으면 좋겠어요. 마지막으로 살면서 군대 이후 첨으로 이렇게 운동 해보는 것 같습니다. 감사합니다.
73,별표 5개 만점에 4개를 받았습니다.,2022년 11월 25일,"따라해보지 않았지만 하프,10km등 초보들을 위한 런닝 프로그램이 있는건 좋은거같아요. 아쉬운건 데일리 기록에서 런닝화를 선택하면 그 기록만큼 내런닝화에 입력한 러닝거리에 반영되지 않는다는 점입니다. 예를들면 내런닝화 들어갔을때 아래와같이 등록 후 달린 거리만큼 자동합산해서 보여주면 런닝화 관리하는데 많은 도움이 될거같습니다. 지금으로썬 단순히 뭐신고뛰었나.. 확인용도밖에 안되네요. 런닝화1 : 달린 거리 000(앱에 등록한 거리)/000(총 런닝거리=앱에 등록한 거리+앱내 기록에서 런닝화1 선택한날의 총런닝거리), 런닝화2 : 000/000, 런닝화3 : 000/000, ......"
74,별표 5개 만점에 5개를 받았습니다.,2021년 3월 29일,"잘 사용하고 있습니다. 다만 현재 매일 30분 프로그램을 사용 중인데, 중간에 격언이 나오는게 거슬려서 설정에서 기능을 껐더니 페이스 안내가 나오지 않습니다. 설정에서 페이스 피드백은 켜놨는데도 불구하고요. 설정의 오류가 있는 것으로 생각됩니다. 수정 업데이트가 필요할 것 같습니다. 함께 위와 같은 오류 문의나 건의 사항 접수 등을 위해, 어플 내에 사용자 게시판을 만들어주실 것을 건의합니다."
75,별표 5개 만점에 5개를 받았습니다.,2023년 7월 31일,화면 잠금 기능이 별로입니다. 잠금상태면 해체 외의 기능은 사용하지 못 해야 할 텐데 운동 단계 건너뛰기는 그대로 쓸 수 있네요. 30분 달리기 도전 플랜에서 문제를 겪고 있습니다. 손에 핸드폰을 쥐고 뛰다 보니 눌리는 경우가 종종있네요. 30분 달리기 도전에서 화면 잠금을 사용해도 시간이 지나서 구간이 변경되면 구간 넘기기 기능이 부활합니다. (걷기->달리기 혹은 달리기 -> 걷기 등) 문제가 해결되었기에 5점으로 수정합니다.
76,별표 5개 만점에 4개를 받았습니다.,2021년 2월 19일,"이제 막 30분 달리기 8주차 접어 들었습니다. 욕심내지 않고 포기 않으면 다 됩니다. 거의 6개월간 중간에 크게 2개월 넘게 쉬고, 미세먼지 땜에 1주일에 한 번 뛰기도 쉽지 않았지만... 처음 2분 달리기에도 헐떡거리던 기억이 나네요. 이번 업댓 후 이미지들이 더 편하고 좋은 겨울 이미지로 바뀠네요. 계절마다 이미지들이 바뀌나요? 그리고 제가 익숙해진 탓인지 전 남자 분 나레이션이 더 좋아서 나레이션 선택 옵션이 있었으면 합니다. 30분 달리기 훈련 말고는 여자 분의 나레이션이더라고요."
77,별표 5개 만점에 4개를 받았습니다.,2019년 6월 17일,"정말 열심히 잘 사용하고 있습니다. 멋진 앱입니다. 그런데 지난 주 부터인지 속도와 거리가 제대로 측정되지를 않습니다. 현재 속도가 69분이라고 해서 웃겼네요. 기어가도 이보단 빠를 듯해서요. 매일 같은 코스(아파트 단지 내)를 달리는데 루트 표시된 걸 보니 제가 달린 루트의 많은 부분이 표시가 안되어 있어요. 짐작되는 이유가 있으실까요? 저도, 런데이도 화이팅입니다!"
78,별표 5개 만점에 4개를 받았습니다.,2019년 7월 23일,"런데이와함께 잘뛰고있어요. 시간,동선,칼로리까지 측정되니 체계적으로 운동하는것같아좋아요. 나레이션도 동기부여를해주고 지루하지않게 해줘서 좋아요 개인코치가생긴것같은 느낌ㅋ 다만 같은코스를 반복해서뛸때가 있는데 나레이션이 중복되서 살짝지루해요 더다양한 주제가 플레이되면 더즐겁게운동할수있을것같아요"
79,별표 5개 만점에 5개를 받았습니다.,2023년 8월 15일,"어렵게만 느껴지던 달리기에 쉽게 입문하게 도와준 런데이입니다. 저같이 스마트워치 없이 핸드폰을 허리에 차고 달리는 사람을 위해서 진동이나 음성으로 시간경과를 알려주는 기능이 있으면 좋겠네요. 예를 들면 5분은 짧은 진동('찡'), 10분은 긴 진동('지잉')으로 조합해서 처음5분지나면 '찡' 3회, 10분지나면 '지잉' 3회, 그러면 답답하게 이어폰 안 끼고 달릴 수 있어 더 좋을 것 같아요."
80,별표 5개 만점에 5개를 받았습니다.,2020년 3월 30일,노트9 안드로이드 10 사용자입니다. 얼마전에 운동 동선 기록이 됐다 안 됐다를 반복된다는 리뷰에 달아주신 내용대로 배터리 최적화 설정에서 런데이를 절전상태 전환 예외 앱으로 설정하였습니다. 이후에도 같은 문제가 반복되어 문의드립니다. 몇 번의 테스트 결과 화면이 켜져있을 때에만 위치 추적이 되고 있어요... ㅠ
81,별표 5개 만점에 5개를 받았습니다.,2023년 8월 13일,런데이 잘 사용하고 있습니다. 사용 중에 추가 기능이 있으면 좋을 것 같아서 의견 남깁니다. 전일 기록이나 직전 기록과 당일 기록 비교 기능이 있으면 좋겠습니다. 꾸준히 달리기나 걷기를 하거나 혹은 며칠 지나서 했을 때 이전 기록 비교하기가 쉽지 않네요. 기록 비교를 쉽게 확인할 수 있다면 런데이를 처음 이용하는 분들에겐 동기부여에 도움이 되고 이용 중인 분들에겐 운동 계획에 도움이 될 것 같습니다.
82,별표 5개 만점에 4개를 받았습니다.,2023년 3월 14일,좋은 앱 항상 감사히 쓰고 있습니다. 오늘 오랫만에 달리기 하는데 처음으로 오류가 나서 말씀드립니다. 웜업 하고 처음 달리기 시작할때 띠 띠 띠 하고 세번 울리면 앱이 중지됩니다. 핸드폰 꺼내서 다시 실행시키면 다시 움직였고요. 다음 단계로 넘어갈 때 또 띠띠띠 세번 울리면 앱이 꺼지고요. 꺼내서 화면 터치하면 다시 시작합니다 와이파이 끄고 데이터만으로 연결해봐도 그렇고요. 처음 있는 일인데 확인 부탁드려요. 감사합니다.
83,별표 5개 만점에 5개를 받았습니다.,2022년 4월 11일,"우연히 알게 된 런데이 어플 덕분에 달리기를 시작하고 많은 도움받고 있습니다^^ 하나씩 진행하다보니 벌써 달리기를 시작한지 반년이 되었네요. 좋은 어플 감사합니다😊 (개선사항 및 문의드립니다.) 1. 런데이 어플에서 현재 페이스를 읽어주는 기능이 있었으면 좋겠습니다. 2. 맞춤형 플랜에서 어떨 때 목표 미달성이라고 나오는지 궁금합니다. (평소와 똑같이 운동을 진행했는데 바로 저장을 안누르고 어플을 끄는 바람에, 다음에 어플 시작할 때 서버 저장 기록으로 떠서 저장했습니다. 이 때 생기는 오류일까요??) 목표 속도에 얼마 이상 도달하지 않으면 미달성으로 나오나요??"
84,별표 5개 만점에 5개를 받았습니다.,2019년 8월 26일,"사용해본 달리기 어플 중 가장 좋습니다. 저는 달리기 초보라서 페이스를 잘 잡지 못하고 금방 멈추는데, 걷기 시간과 달리기 시간을 적당히 분배해 알려줍니다. 무엇보다 음성 서비스가 좋네요. 달리기 도중 지루해지는걸 막아줍니다. 달리기 팁 내용도 유용합니다. 처음으로 달리기 어플의 코스 프로그램을 완주했습니다."
85,별표 5개 만점에 5개를 받았습니다.,2021년 10월 5일,항상 감사히 사용하고 있습니다. 갤럭시워치4 버전 어플도 내주시면 좋을 것 같아요. 그리고 언제부터인가 30분 달리기 8주 도전에서 트레이너 음성이 나올 때마다 개인적으로 틀어놓는 노래가 음성에 묻히다시피 해서 노래가 제대로 들리지 않습니다. 그외에는 유용하게 사용하고 있습니다.
86,별표 5개 만점에 5개를 받았습니다.,2022년 11월 16일,워치5 기록누락및 기록저장이 잘 안돼요. 삼성헬스랑 같이 연동시키는데 GPS인식이 너무 예민하고 더뎌서 화면을 꼭 확인하고 달려야해요. 특헤 14일과 오늘 기록이 저장되지 않았습니다. 기록저장중 화면 뜨는것까지 확인했는데 말이죠. 삼헬마저 켜지 않았다면 절망적이었을거에요. 삼헬에서 자동으로 런데이와 연동이 되면 좋지만 두 어플 다 기준이 다르고 칼로리나 세부사항이 달라서 두개 다 꼭 켜두고 합니다. 워치전에는 런닝머신에서 많이 쓰기도 하고 오류도 덜 났는데 워치랑 연동되면서 오류가 자주 일어나는 느낌입니다. 런데이와 워치가 아니었다면 동기부여가 되지 않을만큼 많이 좋아하는 어플입니다. 마지막에 확인할때 오늘은 전주보다 기록이 좋아서 기대했는데 기록이 안떠서 많이 당황스럽고 허무했습니다. 워치연동오류 안나게 잘부탁드립니다... 챌린지 여러개 참여중인데 2회 측정 안돼서 속상합니다. 앞으로 잘부탁드립니다.
87,별표 5개 만점에 5개를 받았습니다.,2020년 6월 10일,건의드려요!! :-) 블루투스 이어폰 연결해서 프로그램 실행하고 러닝중입니다. 도중에 전화가 오면 이어폰 터치해서 전화 받고 통화 끝난 후 어플이 다시 자동실행이 되질 않고 그저 설정해놓은 배경음악만 플레이됩니다. 통화종료 직후 별다른 터치없이 런데이가 바로 자동으로 재개되는 방법은 없을까요?? 리얼 절실히 필요합니다. 달리다가 전화 두어통만 와도 전화깃늘 주머니에서 꺼냇다 집어넣다 달리기 산통 다 깨져요 ㅋ
88,별표 5개 만점에 5개를 받았습니다.,2022년 7월 12일,"러닝 초보자인데 사용하기 쉽고 접근성도 좋아요! 무엇보다 코스가 어렵지 않아서, 꾸준히 할 수 있도록 도와주는 것 같아서 정말 좋습니다 그리고 에어팟을 끼면서 쓰고 있는데, 심심하지 않도록 목소리 지원도 해주고요 오히려 이 점 덕분에 지루하지 않고, 운동에 더 집중돼서 좋아요 주변에 신경이 분산되지 않아서 너무 좋습니다👍👍"
89,별표 5개 만점에 5개를 받았습니다.,2021년 1월 28일,"작년 10월부터 매일 사용하고 있습니다. 정말 초보자가 달리기에 쉽게 접근할 수 있는 최적의 구성으로 꾸며진 앱입니다. 처음 1주차도 버거웠는데 이제 10km로도 달릴 수 있게 된 것은 순전히 런데이가 함께 해주었기에 가능했습니다. 같은 5km로도 인터벌로도 하고 시간으로도 하고 자유달리기로도 하면서 지루함이 없고 새로운 마음으로 달리기하게 되어 좋습니다. 페이스가 아주 정확하다고 말할 수는 없지만 그렇다고 달리는데 방해가 될 정도도 아니어서 만족합니다. 초보자 버전은 힘들지 않도록 응원 메세지를 많이 넣어주셔서 좋구요 중급자 버전은 생각을 정리할 수 있는 조용함이 있어서 좋아요... 제가 한가지 궁금한 것이 있어요! 첫번째, 달린 거리를 지도상 확인해보면 연두색으로 나오는 부분이 있고 빨간색으로 나오는 부분이 있던데 이 색깔의 차이는 무엇일까요? 이게 많이 궁금한데 꼭 알려주세요... 두번째, 런데이 어플을 틀고 달리다 유투브를 열고 진행했더니 핸드폰이 꺼져버리더라구요.왜죠?"
90,별표 5개 만점에 5개를 받았습니다.,2022년 8월 15일,"잘 사용하고 있습니다. 좋은어플 감사합니다. 제안1. 기록> 탭에서 주/월/연 단위 달린거리/달린시간 그래프가 있으면 좋겠습니다. 제가 지난시간동안 얼마나 달렸는지 한눈에 보고 싶어요. 제안2. 프로필에서 인바디 데이터(체지방kg, 체지방%, 부위별체지방kg 등) 입력칸을 만들어주시고 그래프로 볼수있게 해주시면 좋겠습니다. 살빠지는걸 그래프로 확인하고 싶어요. 제안3. 기록 공유하기> 공유하기 사진에 기록이 표시되는 기능 사용시, 웜업.쿨다운 걷기 기록을 빼고 표시될 수 있도록 기능을 넣어주시면 좋겟습니다. 웜업 쿨다운 걷기가 포함된 프로그램의 경우, 총 기록에서 걸은 거리/시간이 합산되어 나오는 반면 페이스는 달린 기록 평균만 표시됩니다. 때문에, 공유하기에서 표시되는 기록 총운동시간/거리와 페이스 기록이 서로 맞질 않습니다. 제안4. 인터벌 트레이닝 프로그램 또는 인터벌프로그램 사용자세팅 만들어주시면 좋겠습니다. 인터벌에 대한 공유하기 표시도 함께 만들어주시면 잘 쓰겠습니다."
91,별표 5개 만점에 5개를 받았습니다.,2021년 12월 16일,런데이 어플로 8주간 30분달리기 도전하고있습니다. 잘 사용하고 있어요! 다 맘에 드는데 한가지 건의하고 싶은점이 있습니다. 기록 메뉴에서 달력을 월요일부터/일요일부터 두가지중에 선택해서 보이도록 하면 안될까요? 저는 한 주의 시작을 월요일로 생각하는데 일요일부터 달력이 시작되서 너무 보기 불편해요. 일주일에 몇 번 했는지 직관적으로 보려면 달력모양으로 보는 게 편해서 월~일 단위로 보고싶습니다. 혹시 설정에 바꾸는 기능이 있는지 찾아봤는데 안보이더라구요. 기능 추가 건의합니다!
92,별표 5개 만점에 5개를 받았습니다.,2018년 10월 25일,런데이 최고! 가을볕이 좋아서 런데이 시작했는데 정말 재밌네요. 태어나서 처음으로 제대로 달려보고 있어요. 이제 초보 달리기 중반부 접어들면서 점점 힘이 딸리기 시작하는데 그때마다 트레이너횽이 응원해주니까 더 힘내서 하게 돼요ㅎㅎ 트레이너 지원은 신의 한 수!! 아. 같은 코스를 두 번 이상 달릴 때를 위해 다른 성우(ex. 여성이라던가.. 목소리가 다른??)도 녹음해주시면 좋을 것 같아요ㅎㅎㅎ 런데이 항상 파이팅입니다!
93,별표 5개 만점에 4개를 받았습니다.,2019년 6월 29일,장점: 성우 목소리로 가이드가 나와서 좋습니다. 특히 지칠만할 때 힘내라는 멘트나 자세 지적이 나와서 다시 제대로 뛰게 됩니다. 트레이닝 프로그램이 잘 짜여있어서 초보자도 뛰기 쉽습니다. 체력이 그냥저냥인 수준이었는데 8주 초보자 트레이닝 하고서 이제 재미로 30분 뛰는 사람이 되었어요. 단점: 속도 인식이 안 좋습니다. 걷고 있는데 9km/h로 나오고 뛸 때 4km/h가 나오다가 15km/h도 나와서 제 실력이 얼마나 늘었는지 알기 힘듭니다.
94,별표 5개 만점에 5개를 받았습니다.,2022년 7월 11일,"안녕하세요. 런데이 정말 잘 이용하고 있습니다! 사용 중 궁금증이 있는데요, ""스타터"" > ""매일 30분 달리기"" 코너에서 트레이너 음성을 남성으로 하고 싶은데(""30분 달리기 도전""과 동일) 혹시 이런 기능이 있을까요? 설정에서 트레이너 음성 메뉴에 보이지 않아 문의드립니다. 없다면 꼭 이런 기능이 있었으면 좋겠습니다!!"
95,별표 5개 만점에 5개를 받았습니다.,2020년 9월 8일,"8주차 마지막 달리기까지 마친 후 솔직 리뷰. 정말 마법과도 같은 앱입니다. 6주차 때 리뷰 달고나서 약 한달 정도 흘렀네요. 코로나 때문에 사람 아예 없는 새벽 2시에 하천따라 뛰면서 드디어 8주차 마지막 달리기를 끝냈습니다. 처음 1주차 1분 달리기도 벅찼었는데 정말 마법같이 단계를 밟아나가다보니 어느덧 30분 달리기에 성공했습니다. 절대 저 혼자서는 하지 못했을겁니다. 항상 뛸때마다 포기하고 못할꺼같다는 생각이 들었습니다. 하지만 그 때마다 런데이앱에서 포기하지 말고 할 수 있다는 격려와, 달리기 코스를 밟아가며 알려주는 러닝에 관한 지식들을 습득하며 달려나갔기에 성공할 수 있었습니다. 1분 달리기를 하면서도 심박수가 195을 훌쩍 넘어버리던 심박수는 이제 30분을 뛰어도 180에서 심박수가 고정될 정도로 심폐지구력과 체력이 좋아졌습니다. 지하철 환승할때나 아니면...흠ㅎㅎ 하튼 모든 면에서 체력이 늘어난것이 체감됩니다. 저질체력이었던 저도 성공했습니다. 꼭 다운받아보세요!"
96,별표 5개 만점에 4개를 받았습니다.,2023년 5월 3일,새벽에 사용했는데 오전 업데이트하고나서 네트워크 연결 확인하라고뜨네요. 접속안됩니다. 초보자 8주 코스 완료했습니다. 중간중간에 설명이 나오다가 뚝끊기고 다음 음성 안내가 나오고 하는 증상이 있어요. 다른 뮤직앱으로 재생하던 음악도 같이 끊겨요. 다음 음성안내가 나오기 시작하면 음악도 같이 나오고요. 블루투스구요. 끊긴다고 쓰긴했는데 볼륨이 최저로 낮아지는거 같아요. 문장 중간에 말이 끊기는게 아니고 다음문장 넘어갈때 무음처럼 돼버려요. 재생하던 음악도 같이 안들리고요.시간 좀 지나서 다른문장을 말하거나 달리기 시작이나 종료같은 대사할때 다시 소리가 나구요.
97,별표 5개 만점에 4개를 받았습니다.,2022년 3월 27일,런데이 덕분에 30분 달리기 할수있게되었고 체력도 좋아지고 만성피로도 없어졌어요~ 런데이 안에 러닝 인터벌 타이머 직접 셋팅하여 운동하여 기록이 남도록 되었으면 좋겠어요. 기존에 운동 텀이 5분 10분등 딱 고정적이라 2년이상 사용하니 조금 지루해서 요즘은 사용을 잘안하게 되더라구요. 사용자가 직접 설정(인터벌 타이머 기능)하여 런데이 앱내에서 기록 관리가 된다면 좋을것 같아요
98,별표 5개 만점에 5개를 받았습니다.,2021년 4월 15일,"매우 만족스럽게 이용중입니다. 리뷰를 올리는 이유는 한 가지 건의사항이 있어서입니다. 오늘 달리기를 하러 와서 시작하기전에 업데이트가 필요하다는 메시지가 뜨더군요. 이유는 지금도 모르겠으나 업데이트는 안되고 있고 결국 달리기 일정을 포기하고 리뷰를 쓰고 있습니다. 서론이 길었습니다만, 업데이트가 되어도 이전버전으로 실행이 가능하게 할 수 있다면 오늘의 저와 같은 불편을 겪는 경우가 없지 않을까 합니다. 앱 개발, 관리 차원에서 쉬운 방향성은 아니겠으나 검토해 주었으면 합니다."
99,별표 5개 만점에 4개를 받았습니다.,2019년 9월 22일,처음 써봤는데 아주 좋아요. 트레이너 목소리가 시간만재고 끝이 아니라 계속해서 말을 걸어줘서 달리는 동안 계속 코치받는 느낌이었어요. 다만 달리기에 집중된 프로그램이라 그런지 스트레칭이나 근육운동같은 메뉴도 있는데 이쪽은 그냥 그림과 설명 몇 줄이 다라서 부실한 느낌이 있네요. 달리기에 집중해서 이 분야에선 원탑인 거 같아요 강추합니다.
